CustomerID,RepeatPurchase,Predicted_RepeatPurchase,RepeatPurchase_Probability
17053,0,0,0.4446474401657372
15864,1,0,0.46990699454029233
13780,1,0,0.4141983602919572
16250,0,0,0.49501980973872167
16872,1,1,0.6004585763900737
17642,0,1,0.6612470414936713
16620,1,0,0.3006500100084733
14855,0,1,0.5885350319517132
16774,1,1,0.693969391887393
16573,1,0,0.3563266148197316
16596,1,0,0.27843731775468133
12352,1,1,0.6786349669788734
13344,1,0,0.4707652366823541
15182,0,1,0.5642566621372928
15480,0,1,0.5768784664125526
12406,1,1,0.5053304511101663
13258,1,0,0.36982837527985424
12593,0,1,0.7084288820730259
16520,0,1,0.7243987078736254
17060,0,0,0.32736525257723564
17164,1,1,0.7105766526221474
12867,1,1,0.8540742888639359
15668,0,0,0.27285361745975173
14972,0,0,0.4486504334846663
14853,1,0,0.2743990801241052
13803,0,0,0.3753299643446169
14431,0,0,0.35230263979053855
13769,1,1,0.8517662479821337
13833,0,0,0.45553581124408415
16107,1,1,0.752247991312363
12689,1,1,0.5387283485716631
13477,1,1,0.7586127478764864
16610,0,0,0.3389747190405596
17278,0,0,0.38864624246193297
14353,0,0,0.3366400212228876
13207,1,0,0.3629997299866237
16852,1,0,0.3565312512102113
14507,1,1,0.8718305647339317
14506,1,1,0.699098848648192
16496,1,1,0.6155785425634308
17816,1,0,0.4381123539856864
16984,1,1,0.6802593956621082
17795,0,1,0.596098804439314
18004,0,0,0.3772833052379634
13427,1,1,0.6302195584862451
16006,0,0,0.3599043673895259
17908,0,0,0.42256329997867126
15819,1,1,0.7618983156628373
15414,1,0,0.28498551855864906
16529,0,0,0.449425466334662
16188,1,1,0.7219579823977375
18226,1,1,0.9256400174650389
17470,1,1,0.8057570652198411
17799,1,1,0.9023217202907592
17571,1,1,0.7322888888211724
14591,1,0,0.43075282348186217
13062,0,0,0.4113389079306492
12372,1,1,0.5592195618277342
15508,0,1,0.815145973695313
13166,0,0,0.42664452451699936
12743,0,1,0.692314449855051
13862,1,1,0.8942305558527109
14817,0,1,0.5957667383522479
16152,0,0,0.4205390571674753
13657,1,0,0.37845970738508433
18138,0,0,0.2979345116644748
12521,0,1,0.5196520260633718
16080,1,0,0.3001074166656323
17991,0,0,0.3719409539365168
16745,1,1,0.9631140391689901
12708,1,1,0.9268900573763867
12727,1,1,0.8062644232013474
16806,0,1,0.8523507100480984
15027,1,1,0.6502062963590588
17817,1,0,0.3906807668602928
12373,0,0,0.35681719900445186
13261,0,0,0.4137732520759113
12483,1,1,0.7497402063757526
16809,1,1,0.7299804777424146
13863,0,0,0.40634245720724504
17862,0,0,0.3215193383309191
17118,0,0,0.344768737452998
12548,0,0,0.3491910980907961
16066,1,0,0.43637583257770357
14004,1,1,0.8413859853950112
13113,1,1,0.9696174983101482
18287,1,0,0.4554244680991023
15796,1,1,0.8502566797823184
13717,1,1,0.8135344672396508
14400,0,0,0.49805121107781797
16187,1,1,0.9429268328691974
17429,0,1,0.7274484877947881
14079,0,0,0.4896427073440679
15213,0,0,0.48901028217750886
14794,1,1,0.6947532958149663
14730,1,1,0.886849030432944
15147,0,0,0.4320958584912692
16385,1,1,0.5846984007296223
14056,1,1,0.9767791293649085
17871,0,0,0.39269789658160303
17685,1,1,0.7350197982613631
18161,1,1,0.6673011122490303
13744,1,0,0.4663856137599471
14367,1,1,0.933120592277099
14850,0,0,0.39534634124920065
14625,0,1,0.5787273812822474
13235,0,0,0.4822392679578593
13873,0,1,0.6800668520990174
17941,0,0,0.38114919558952276
14482,1,0,0.37458188962202854
13098,1,1,0.9688362932580918
14340,0,0,0.3250788571274957
15574,0,1,0.7736886280268442
13654,1,1,0.8058820919788668
12779,1,1,0.8435113492198827
13037,0,1,0.7038693582857585
15808,0,1,0.7417813361246809
13509,1,1,0.7352372121026908
12809,0,0,0.44897177595495036
16523,1,1,0.9427504853994125
16210,1,1,0.9210325266658457
13502,1,0,0.4294614443933802
14731,1,1,0.5288540949214368
14297,1,0,0.3340002662383756
13282,1,1,0.5092134456264856
17212,0,0,0.3107942375746729
18017,1,0,0.39059237930926705
16350,1,0,0.37624930253074945
16387,0,0,0.27209635100437896
18120,0,0,0.36723055385867637
17967,0,0,0.39598801265940936
14301,0,1,0.5274015405316472
13451,1,1,0.8600225275663506
14901,1,1,0.8849621720497762
13223,0,0,0.4259105347441247
15111,1,0,0.33493349925914484
16498,0,1,0.5072518569348188
13643,1,0,0.3520276470022639
14178,1,1,0.6622523805890386
13161,0,0,0.2909549459598427
17277,0,1,0.5839783971924613
14053,0,0,0.4868400297883857
15018,1,0,0.4613724775288276
18179,1,1,0.710933024643941
17398,0,1,0.7267554696353029
18097,1,1,0.8326361927738478
16965,0,0,0.44902831930391046
18135,1,0,0.3783292387272799
14729,0,0,0.440761989650011
12915,0,1,0.5338433017244988
17949,1,1,0.9858475457834466
15395,0,0,0.2685143903481574
16969,1,1,0.6485520572502492
17234,0,0,0.387591405569219
17262,1,1,0.5844871900363227
16221,1,1,0.5202533603230123
15847,1,0,0.37047079615114725
16085,1,1,0.5609929269143672
17034,1,0,0.3149332907035124
17422,1,1,0.7988147294858687
15623,0,0,0.4619304349963731
14527,1,1,0.9908192444479356
15945,0,0,0.232828128899024
13581,0,0,0.30307339340160927
16086,1,1,0.5825727440140028
15719,1,1,0.9406603440899515
16156,1,1,0.8009799923661165
15640,1,1,0.9483056479198305
14117,0,0,0.3617601773041918
17883,1,0,0.37219451549118693
13248,0,1,0.6252227247321899
14152,1,0,0.45112333650695957
15467,1,1,0.6061840684258202
17069,1,1,0.8029840209397674
16698,0,0,0.42531194808676837
17675,1,1,0.9865849102201073
15822,1,0,0.3425872504343569
17889,0,0,0.49124726744040137
18081,1,1,0.5476577843700852
12990,1,0,0.43889017780814993
16940,1,1,0.6937649389803344
14657,1,1,0.7187288594375703
13196,1,0,0.43469492267941173
13043,0,0,0.365546385653844
14148,0,0,0.251266189268797
17995,0,0,0.2894942666110359
17431,0,0,0.4314027137262544
17686,1,1,0.8737887051972327
12999,0,1,0.6272340171671894
16891,1,1,0.6533435953337499
15105,1,0,0.4868786908546928
14921,1,1,0.5037488624724092
16671,1,0,0.3580936867384027
16182,1,1,0.6499327112420565
13533,0,1,0.6810830428301785
12388,1,1,0.7566213140545099
14576,0,0,0.2032127785589946
13999,1,1,0.9129899801922918
15065,1,1,0.7436636453763865
12957,1,1,0.7737071765774871
15831,1,1,0.6444638617568157
16326,1,1,0.8732740747169218
15205,1,1,0.505805260356446
17612,1,1,0.8366110998908746
17496,0,0,0.30536748727933627
16769,0,0,0.39421006646195944
14270,0,0,0.38811949537342916
17135,1,0,0.4949630621735108
15823,0,0,0.17376081415963276
15119,0,0,0.3586798961290502
14897,1,0,0.3411949253715719
17697,0,0,0.3770311045628184
14419,1,1,0.5399765422425615
12758,0,1,0.7379210563520312
13263,1,1,0.9851725101768326
12987,1,0,0.3859237167825276
16712,1,1,0.918945033184591
15415,0,0,0.4536894744511073
13011,0,0,0.2308653705913925
17469,1,1,0.7691588285337866
17597,0,1,0.5039344689184445
13126,1,1,0.7700369985301938
17702,1,1,0.788250953748529
16370,1,1,0.7954959385300171
14036,0,0,0.42379499030652507
15717,0,0,0.32951941746984303
17514,0,1,0.5400496123891024
17124,0,0,0.44854157406330736
14536,0,0,0.35053161265318056
15211,1,0,0.3545782559587301
12481,1,1,0.88509139681109
15738,1,1,0.9410366478398611
12426,0,0,0.4501166853414788
14573,0,1,0.8891078983569984
16178,0,0,0.4124321651511803
15656,1,1,0.636091451710713
15208,1,1,0.5265485783600509
12424,0,1,0.5850385543192309
14467,1,0,0.3276190468370921
16256,0,0,0.38755872834695165
17951,1,0,0.4129717759869975
17877,0,0,0.39775063696333246
12556,1,1,0.5287505674692614
12833,0,0,0.4703241132530195
15197,1,0,0.4596373957616807
17974,1,0,0.3928665232199683
16980,0,1,0.5945024345683808
16915,1,1,0.7119094602980583
14907,1,1,0.7850320764806924
13678,0,1,0.5110580263515532
14903,1,1,0.8453025320114329
12421,1,1,0.7257452579676026
15889,0,1,0.6360752286042549
15199,1,0,0.38571019672043777
12838,1,0,0.43135192267169914
13486,1,1,0.6662420481644319
16777,1,0,0.3966500431102513
16162,0,0,0.22213168790682736
17436,1,0,0.2988641010580197
15406,1,0,0.4185651282209989
17302,1,1,0.732973196385961
16791,1,1,0.8453596923501288
13402,0,1,0.6422449691031532
17536,0,0,0.264758244377876
16990,0,0,0.267578685262409
17449,1,1,0.6954417178811004
15002,0,1,0.8298150041816129
17272,1,1,0.6183047911669433
15245,0,1,0.7438628266449835
17377,1,1,0.9122750686934266
13229,0,0,0.3475446595807988
16249,1,1,0.8110037590866319
15221,0,0,0.24905135718665647
15346,0,0,0.3593555894160616
14709,1,1,0.9094130477837448
14206,0,0,0.41527952648955785
14931,1,0,0.4385229011446464
16979,1,1,0.5390429896625463
15705,0,0,0.3344872376064914
14762,0,0,0.41749651215159767
17455,0,0,0.35166838680571116
13971,1,1,0.9039460222963378
13417,1,0,0.3543663224422706
15124,1,0,0.3817237546841668
14898,1,1,0.824617500851669
13655,0,1,0.7020693608173582
18225,1,1,0.9070982737852459
17298,0,1,0.7555019895698462
13330,1,1,0.5439376899982724
12967,0,0,0.4525082689842175
13151,0,0,0.4577135063551048
15093,1,1,0.8519686791474447
16807,0,1,0.7250917603897185
14472,0,1,0.9420428906807428
17786,1,0,0.3677123316873301
13035,1,0,0.3681377080788149
15863,1,0,0.2514915126995636
15743,1,1,0.6411607342140997
13899,1,0,0.3603256547922853
15236,0,0,0.37684001654620614
16073,0,0,0.23087306535127186
17325,0,0,0.3092472084436378
15370,1,1,0.7641817097886858
12951,1,1,0.7586918774470299
18193,0,0,0.4264602960725647
12545,1,0,0.4343602060909135
14570,0,0,0.49067574274717746
16258,1,1,0.8106355522442737
16128,1,1,0.6090833267559207
17085,0,1,0.8529708592598817
12434,1,0,0.35502861601224545
15074,0,1,0.6432694237769435
16409,1,1,0.7455842955989398
14483,0,0,0.33751523410485057
14680,1,1,0.9470938562598816
17932,1,1,0.6259892574380768
18024,0,1,0.5570752719116657
14441,1,0,0.3516945816290749
14001,1,1,0.5176481521071173
13681,1,0,0.41901997100585714
15181,1,0,0.49824959618188436
18237,1,1,0.6517557331593498
15513,1,1,0.9689436847008438
12401,0,0,0.25194771431878976
14607,1,0,0.30264884416449994
17584,1,0,0.478971118646687
14553,1,1,0.5434836614443282
13672,0,0,0.35661541464454444
12399,0,1,0.8071371429202664
13277,1,1,0.5272521837043859
14702,1,1,0.9195822788594729
14127,0,1,0.7192613318012885
15332,0,1,0.6346690280605047
17843,0,0,0.40784535143104866
14878,1,1,0.8123456495498881
16205,1,0,0.44010148120929504
15514,1,1,0.7933746996695537
15053,1,1,0.600729687879806
17976,0,0,0.40217158132091985
17653,1,0,0.45440563360235237
16003,1,1,0.7190051946731167
14645,0,1,0.5862788660743026
14348,0,0,0.3826588470150785
13376,1,1,0.5542787311203166
17763,0,0,0.23651225100955425
12976,0,0,0.4424297219629376
13050,1,1,0.9669187145285929
16919,0,1,0.9259025717004622
17783,1,0,0.4029505327908606
16392,0,0,0.44533396218506494
15179,1,1,0.6628701574866669
12393,1,1,0.6168297867144434
12864,0,0,0.3948163586516081
13579,1,0,0.29108214138314487
16996,1,1,0.7545129124580273
15825,0,0,0.4375078125152433
16184,1,1,0.8351678552707568
14141,1,1,0.5684680195299529
17268,0,1,0.7270616983153112
15384,0,1,0.5993607642193846
13439,0,0,0.46914964463233333
15661,0,0,0.38775399121232423
14379,1,0,0.38137093128667615
16206,1,1,0.7224774246750191
12891,0,1,0.5384719443580286
13621,0,1,0.5567520908616168
13239,0,0,0.4149895133752674
15689,0,1,0.5401747890918763
17460,1,1,0.6708068064822842
15172,1,1,0.742031751775103
14371,0,0,0.27057032765600647
15865,1,0,0.4005576623226991
16125,0,0,0.32942696416086803
13475,0,1,0.7491505463830908
17969,0,1,0.5224380747908715
13499,1,1,0.5029303185900269
14048,0,0,0.47788411602997916
16889,0,1,0.7198339672679879
16093,0,0,0.4124389741892126
14870,0,0,0.35421326824248556
15087,0,0,0.40137740039705044
15755,1,1,0.7931487771835932
18282,1,0,0.4328416661793172
15059,1,1,0.9129187420607535
15939,1,1,0.9510482093452237
15775,0,0,0.3308244951221888
12405,0,1,0.547689327914497
13389,1,0,0.3878073254407053
15901,1,0,0.4966340068751179
16261,1,1,0.7033299160169807
13569,1,0,0.34632599737759706
17716,1,1,0.8340936436366119
14651,1,0,0.4783745233214476
14413,0,0,0.3568195526435652
17367,0,0,0.4392369378004261
17394,0,0,0.34102036703133537
14034,1,1,0.5705726802153014
13000,0,1,0.768030439418081
14133,0,1,0.6874556232865874
17388,1,1,0.6603336054249761
15712,1,1,0.750312721070173
14779,0,1,0.5755029219157831
17002,1,1,0.526254988682709
16493,1,1,0.655321400173385
16621,1,1,0.6202339774403989
17678,0,0,0.38488855359107677
14387,1,1,0.6014921831373209
16904,1,1,0.9677712666864647
16517,0,0,0.3703959173955021
14409,1,1,0.8183623995481359
15228,1,1,0.7666284790909785
16218,1,1,0.8723026762034297
12935,1,1,0.836315247347421
17637,1,1,0.549416188288631
17507,0,1,0.5853470655197598
17550,0,1,0.623574385716987
14560,1,1,0.9250311057610747
12648,0,0,0.45747801536962357
15680,1,0,0.3994431679337877
12437,1,1,0.8814471248784005
16823,0,0,0.4277276800301148
18189,1,0,0.4419733676214186
13557,1,0,0.38579445000523505
15709,0,0,0.3235086982877994
12435,1,0,0.3903871813539319
12681,1,1,0.9575517469925027
16709,1,1,0.6997265540321892
16570,1,1,0.8539699745077343
15192,0,1,0.7440618763478641
15198,1,0,0.41231027916009866
14546,1,1,0.6448903721064474
13165,1,0,0.3727249492989361
15342,0,1,0.5175755369012237
13870,1,1,0.9017919283654242
17001,1,1,0.8921875439199072
13630,1,1,0.8698260342710837
15386,0,0,0.48448131907737296
15061,1,1,0.9844419871794003
13355,0,1,0.5448555415165219
16834,0,0,0.4360459282284212
13079,1,0,0.2696263831945946
17593,1,1,0.7646849997331996
17442,1,1,0.8152528154680316
18143,0,1,0.6997218182531315
17157,1,0,0.3789592637190179
14976,1,1,0.8521740487329499
16226,0,1,0.5323649444112343
14130,0,0,0.45189401858344425
15034,1,1,0.8095583268309454
16729,1,1,0.9669210282051868
16315,0,0,0.3308383317937555
16735,1,1,0.5705418563860388
13141,1,1,0.7461305135584299
12457,1,1,0.5909834391347875
15632,1,1,0.8700563224519885
17718,0,0,0.3291492949676788
13538,1,1,0.7139780372142432
13680,1,1,0.5661846132041115
17007,1,1,0.7695100026716725
15178,0,0,0.28009727615122704
12360,1,1,0.7128784459831259
15493,1,1,0.7347355180018043
16586,0,0,0.3197482658463496
15589,0,1,0.5936413806321313
13301,0,1,0.8571560244877597
12844,1,0,0.4954717845256181
13760,1,0,0.4111682271549222
14440,1,0,0.47868766759200226
14723,1,1,0.6121714472184724
15826,1,0,0.4537224552163702
15256,0,0,0.37943353434256344
15421,1,1,0.6305037742496011
17829,0,0,0.41844489024680165
15607,0,0,0.3706581279931752
13186,1,1,0.5572985230634162
12471,1,1,0.9742535459963134
17749,0,1,0.5683300503533963
16083,0,1,0.7817351947066373
13225,1,1,0.7591945122103037
12744,1,1,0.8530067750624023
15906,1,1,0.7479693212323462
15907,1,1,0.6305755851949684
15861,1,1,0.7899371378449433
13435,1,1,0.7618506689240114
17984,0,1,0.5189437168554834
17893,0,0,0.40603605107358864
16795,0,0,0.4387134274734775
14064,1,1,0.8252174377706852
17848,1,1,0.8720848056383211
14658,1,0,0.4538552314580685
14818,1,1,0.5478419093947082
13593,0,1,0.8642894112310205
17047,1,1,0.5634819569633264
14047,1,1,0.5720577699749976
15608,1,1,0.5212502051446389
14498,1,1,0.8304101337890553
16401,1,1,0.8764233150254573
12350,0,0,0.3697669629338086
16713,1,1,0.9522126174173503
12865,1,1,0.5910624270456747
15045,0,0,0.48912468869644277
17920,1,1,0.9510626010930829
16136,1,0,0.31833011148512613
15780,0,1,0.6228127496291836
18171,1,1,0.6462104458157042
17958,0,0,0.43120917742615505
12791,0,0,0.2460793613380122
16005,1,1,0.6025321341477416
18040,1,0,0.35487675862452095
14049,1,1,0.7830666351407819
13931,1,0,0.3881337706340426
15563,1,1,0.6115241268216216
13497,0,0,0.4722305242622105
12988,0,0,0.44280357590487274
13549,1,1,0.7813441044040561
17175,1,1,0.706048638291699
17041,1,1,0.7191715396430486
12513,0,1,0.598607685619788
12843,1,1,0.8524124935558304
18133,0,0,0.3165177022541329
16681,1,1,0.7141335328392799
15835,1,1,0.6851621607292758
13846,1,1,0.5514131370920031
15023,1,1,0.9323059362465337
15237,1,1,0.6224620991881553
16952,0,1,0.6313045428667132
17892,1,0,0.4573969426977304
14920,0,1,0.5888171726007412
13384,1,1,0.6902196543643556
16148,0,0,0.24819865809349953
17457,0,1,0.7672128781986283
15325,0,1,0.6786148013998765
16510,0,0,0.32217221702934784
17306,1,1,0.9217473572005045
13240,1,1,0.6644514797259077
16509,0,0,0.32229224069279355
15289,1,1,0.6523545553095316
13813,1,0,0.4716094557204136
16365,1,1,0.8502622119324209
15938,0,1,0.7861967918390823
16464,1,1,0.5823452401075504
14849,1,1,0.960154932192827
15797,0,1,0.726943286530295
16455,1,1,0.7575983133216846
17725,1,1,0.948602812795177
16076,1,1,0.7525419079199065
15058,1,1,0.8937655033765646
17530,1,1,0.8532204456611218
13726,1,1,0.6938403579164006
13747,0,0,0.18470841738869184
16987,1,1,0.6088539449183666
15845,1,1,0.8212693878410743
13394,1,1,0.862517700477512
14407,0,1,0.8931622017528598
16393,1,1,0.8909300654691485
15133,0,1,0.7061196548636538
14104,0,1,0.5351200697691294
15140,1,1,0.8472096774619733
17165,0,0,0.34043960832674386
13049,1,0,0.3061067568903727
14796,1,1,0.9708194985152612
16325,1,0,0.49819339226455667
15214,1,1,0.6044032831518811
17964,1,0,0.4018670107824662
18168,0,1,0.8335070827626693
18224,0,0,0.33576563476456556
18204,1,1,0.7643532910340465
14194,1,1,0.9635155331079736
17438,0,0,0.3644431489908747
12770,0,0,0.4039160568009804
17349,0,0,0.3863187431488294
16536,0,1,0.6102875019800375
13476,0,1,0.5978218316730226
13507,1,1,0.7714642193456843
12866,0,0,0.3882384589948941
12433,1,1,0.5954885648295256
12539,1,1,0.6959463643827574
17235,1,0,0.31216561419174954
18257,1,1,0.8474756874938185
14030,1,1,0.8853422932140311
16105,0,0,0.391438106810874
13296,0,0,0.3983549923481845
14684,1,1,0.6350797501231313
18265,1,0,0.47612167972609776
14404,1,1,0.8639128527245411
17414,1,0,0.4080596796593579
13357,0,0,0.4915884101273821
17930,1,1,0.5649812027027022
15288,1,1,0.7648569948408471
15681,1,1,0.6284368802731396
17402,1,1,0.9134773135272436
15407,1,1,0.6773012687223234
17968,0,0,0.4395644576292021
18101,1,0,0.40135098347704307
14305,1,1,0.7116816116645133
17320,0,1,0.8472536589281011
17147,1,1,0.5736973919125791
14377,0,0,0.479940486524486
17048,0,1,0.7402397551139838
12633,1,1,0.7490633067312906
17860,0,0,0.40176236341192484
16456,1,1,0.8641773596905301
17114,1,1,0.8245972040056485
14059,0,0,0.33933999561694006
13339,0,0,0.4837104852345861
15101,1,0,0.25656173840498403
12679,1,1,0.5690746213687489
16209,1,1,0.7846700689364003
16805,0,1,0.6601673831866434
14383,1,0,0.44093286596274345
15454,0,0,0.3598623866503297
14418,1,1,0.5713832399621036
12468,0,1,0.5701370642168356
14459,0,1,0.5097701983523584
13305,1,1,0.8443736141934909
15201,1,1,0.771273052347448
16626,1,1,0.8962441839450063
14078,0,1,0.8960041700770834
17863,1,1,0.785105045244578
15789,0,0,0.40566518822835484
13988,1,1,0.7394939394023783
15180,0,0,0.2762697691443447
16124,0,0,0.30640093185982775
16134,1,0,0.35038704574275287
16768,1,1,0.714003348897696
17042,1,1,0.815220402459938
16892,1,0,0.42660635848484696
15462,1,1,0.5065643653714539
18270,1,0,0.2916252638560727
15909,0,0,0.36944598314985416
17548,0,0,0.3145855361480979
16386,1,0,0.2835512796859498
12407,1,1,0.7855998010317337
18136,1,1,0.5405095223882278
15212,0,0,0.2980073809666967
17551,0,0,0.3988708733112247
14449,1,1,0.6104061237354438
15012,1,0,0.39702797329617856
14618,1,0,0.28534711952768527
16781,0,0,0.3388442665571682
17537,1,0,0.45769027470565316
16792,0,0,0.41906741597160485
15117,1,1,0.6797999417936129
12577,1,0,0.4385540548069123
13320,1,1,0.8053757618316979
17789,0,0,0.34380255214669436
15494,1,1,0.6400066835863581
14071,1,1,0.5093121290498338
15219,0,0,0.347353232549819
14867,0,1,0.6367874991212861
13740,0,0,0.43664880929599315
14708,1,1,0.5360177170582728
13253,0,1,0.6355781710644532
14401,1,1,0.93752425182192
16625,0,0,0.392663021149478
17029,0,1,0.5092337902106369
14535,1,1,0.736000942947042
18185,0,0,0.3892924047521831
17667,1,1,0.7721001952027601
15596,0,1,0.8952663249012285
13168,1,1,0.7014551851404648
14024,0,1,0.5897353024787376
15769,1,1,0.9729306680296597
16926,0,0,0.2993467403387326
